INSERT INTO aeronaves
(PFX_AERO,
MODELO,
ANO_FABR,
FABRICANTE,
POLTRONAS,
CIA_AEREA)
VALUES
("DASD34234", "54FER2", "2020", "AMILTON", 50, 2),
("FER349244", "48234U", "2021", "ERICK", 40, 1),
("POKM34342", "634543", "2015", "JOSÉ", 42, 5),
("6243HNDD2", "7645NR", "2021", "ANA", 47, 3),
("2394IJR53", "VBVM23", "2022", "DNW", 30, 4);

INSERT INTO `bdex2_passagens_aereas`.`aeroportos`
(`ID_AEROPORTO`,
`NOME`,
`CIDADE`,
`ESTADO`,
`PAIS`,
`LATITUDE`,
`LONGITUDE`,
`TAMANHO_PISTA`)
VALUES
(3, "AEROPORTO DE GUARULHOS", "GUARULHOS", "SP", "BRASIL", "42525214", "FDF345", "3500"),
(7, "AEROPORTO DE VITÓRIA", "VITÓRIA", "SP", "BRASIL", "64942513", "DOS923", "7410"),
(76, "AEROPORTO DE NOVA YORK", "NEW YORK", "NY", "ESTADOS UNIDOS", "098765", "D3141S", "5000"),
(35, "AEROPORTO DE BIRMIGHAM", "BIRMIGHAM", "BM", "INGLATERRA", "163245", "974F35", "6450"),
(84, "AEROPORTO DE CARACÁS", "CARACÁS", "CR", "MÉXICO", "098765", "FKD344", "2045");

INSERT INTO `bdex2_passagens_aereas`.`cia_aereas`
(`ID_CIA`,
`CNPJ`,
`NOME_FANTASIA`)
VALUES
(5, "22.654.245/0001-32", "LATAM"),
(3, "84.754.346/0001-78", "GOL"),
(2, "34.245.784/0001-00", "AMERICAN AIRLINES"),
(1, "70.984.346/0001-71", "AZUL"),
(4, "95.798.025/0001-46", "QATAR AIRWAYS");

INSERT INTO `bdex2_passagens_aereas`.`passageiros`
(`COD_PASSAGEIRO`,
`NOME`,
`SOBRENOME`,
`DATA_NASC`,
`NACIONALIDADE`)
VALUES
(871, "ERICK", "NOGUEIRA", "2003-08-16", "BRASILEIRO"),
(954, "ANA", "OLIVEIRA", "2003-07-15", "BRASILEIRO"),
(044, "JOHN", "CONNOR", "2002-06-10", "NORTE AMERICANO"),
(354, "JOSÉ", "SANTOS", "2000-04-26", "BRASILEIRO"),
(953, "PEDRO", "SILVA", "2003-08-31", "BRASILEIRO");

INSERT INTO `bdex2_passagens_aereas`.`reservas`
(`ID_RESERVA`,
`DATA_RESERVA`,
`FORMA_PGTO`,
`VALOR_RESERVA`)
VALUES
(1, "2024-02-21", "DINHEIRO", "750"),
(2, "2024-01-10", "DÉBITO", "312"),
(3, "2024-02-01", "DINHEIRO", "451"),
(4, "2024-04-15", "DINHEIRO", "940"),
(5, "2024-03-30", "CRÉDITO", "543");

INSERT INTO `bdex2_passagens_aereas`.`passageiros_reservas`
(`PASSAGEIRO`,
`ID_RESERVA`)
VALUES
(871, 1),
(954, 2),
(044, 3),
(354, 4),
(953, 5);

INSERT INTO `bdex2_passagens_aereas`.`voos`
(`ID_VOO`,
`ASSENTO`,
`AERO_PART`,
`DATA_PART`,
`HORA_PART`,
`AERO_CHEG`,
`DATA_CHEG`,
`HORA_CHEG`,
`AERONAVE`,
`CIA_AEREA`)
VALUES
(64, "A4", 3, "2024-02-21", "16:42:45", 7, "2024-02-21", "20:00:00", "DASD34234", 2),
(29, "F1", 7, "2024-02-24", "17:42:45", 76, "2024-02-24", "19:00:00", "FER349244", 1),
(64, "B6", 76, "2024-01-11", "14:34:20", 35, "2024-01-12", "06:00:00", "POKM34342", 5),
(64, "G2", 35, "2024-03-30", "10:00:00", 84, "2024-03-31", "01:00:00", "6243HNDD2", 3),
(64, "C3", 84, "2024-02-21", "19:02:31", 3, "2024-02-21", "23:00:00", "2394IJR53", 4);

UPDATE `bdex2_passagens_aereas`.`aeronaves`
SET
`POLTRONAS` = 84,
`CIA_AEREA` = "TDL"
WHERE `PFX_AERO` = "DASD34234";

UPDATE `bdex2_passagens_aereas`.`aeroportos`
SET
`LATITUDE` = "DJMG24",
`LONGITUDE` = "CRF541"
WHERE `ID_AEROPORTO` = 76;

UPDATE `bdex2_passagens_aereas`.`cia_aereas`
SET
`CNPJ` = ,
`NOME_FANTASIA` = 
WHERE `ID_CIA` = ;
